id,name,email,city,region
1,"Rachel Wilson",rachel.wilson1@email.com,"San Jose",South
2,"Jack Brown",jack.brown2@email.com,"Houston",South
3,"David Smith",david.smith3@email.com,"San Diego",North
4,"Frank Davis",frank.davis4@email.com,"Dallas",West
5,"Mia Davis",mia.davis5@email.com,"Phoenix",North
6,"Noah Wilson",noah.wilson6@email.com,"San Diego",East
7,"Sam Brown",sam.brown7@email.com,"Phoenix",West
8,"Sam Brown",sam.brown8@email.com,"San Antonio",East
9,"David Davis",david.davis9@email.com,"San Jose",East
10,"Tina Brown",tina.brown10@email.com,"Los Angeles",West
11,"Henry Brown",henry.brown11@email.com,"Los Angeles",South
12,"Carol Davis",carol.davis12@email.com,"Los Angeles",East
13,"Frank Jones",frank.jones13@email.com,"Dallas",West
14,"Sam Williams",sam.williams14@email.com,"Phoenix",East
15,"Sam Wilson",sam.wilson15@email.com,"San Antonio",West
16,"Frank Wilson",frank.wilson16@email.com,"San Antonio",South
17,"Liam Garcia",liam.garcia17@email.com,"Dallas",South
18,"Sam Williams",sam.williams18@email.com,"Chicago",East
19,"Alice Davis",alice.davis19@email.com,"San Jose",East
20,"Rachel Wilson",rachel.wilson20@email.com,"San Jose",South
21,"Paul Taylor",paul.taylor21@email.com,"Philadelphia",South
22,"Quinn Johnson",quinn.johnson22@email.com,"San Diego",North
23,"Mia Garcia",mia.garcia23@email.com,"San Diego",East
24,"Iris Wilson",iris.wilson24@email.com,"Phoenix",South
25,"Emma Johnson",emma.johnson25@email.com,"New York",South
26,"Noah Miller",noah.miller26@email.com,"San Jose",West
27,"David Taylor",david.taylor27@email.com,"San Diego",North
28,"Grace Brown",grace.brown28@email.com,"Philadelphia",South
29,"Jack Williams",jack.williams29@email.com,"Los Angeles",West
30,"Liam Smith",liam.smith30@email.com,"Houston",North
31,"Olivia Davis",olivia.davis31@email.com,"Houston",South
32,"Bob Jones",bob.jones32@email.com,"San Jose",North
33,"Emma Jones",emma.jones33@email.com,"Phoenix",South
34,"Emma Miller",emma.miller34@email.com,"San Jose",East
35,"Henry Wilson",henry.wilson35@email.com,"Dallas",South
36,"Olivia Garcia",olivia.garcia36@email.com,"San Diego",West
37,"David Taylor",david.taylor37@email.com,"Houston",South
38,"Emma Garcia",emma.garcia38@email.com,"Houston",North
39,"Grace Smith",grace.smith39@email.com,"Dallas",South
40,"Henry Wilson",henry.wilson40@email.com,"Dallas",East
41,"Emma Taylor",emma.taylor41@email.com,"Phoenix",North
42,"Bob Garcia",bob.garcia42@email.com,"Los Angeles",South
43,"Liam Taylor",liam.taylor43@email.com,"Dallas",South
44,"Iris Davis",iris.davis44@email.com,"Chicago",South
45,"Kate Taylor",kate.taylor45@email.com,"Dallas",South
46,"Iris Williams",iris.williams46@email.com,"Chicago",North
47,"Frank Williams",frank.williams47@email.com,"Phoenix",North
48,"David Wilson",david.wilson48@email.com,"Dallas",South
49,"Rachel Miller",rachel.miller49@email.com,"Houston",West
50,"Paul Johnson",paul.johnson50@email.com,"San Jose",East
51,"Bob Smith",bob.smith51@email.com,"Houston",South
52,"Rachel Smith",rachel.smith52@email.com,"Phoenix",North
53,"Liam Garcia",liam.garcia53@email.com,"San Diego",East
54,"Grace Wilson",grace.wilson54@email.com,"San Jose",East
55,"Bob Smith",bob.smith55@email.com,"Philadelphia",South
56,"Paul Garcia",paul.garcia56@email.com,"Dallas",South
57,"Olivia Wilson",olivia.wilson57@email.com,"Phoenix",East
58,"Paul Smith",paul.smith58@email.com,"Dallas",South
59,"Mia Garcia",mia.garcia59@email.com,"Philadelphia",North
60,"Liam Garcia",liam.garcia60@email.com,"Phoenix",North
61,"Henry Brown",henry.brown61@email.com,"Philadelphia",South
62,"Quinn Johnson",quinn.johnson62@email.com,"New York",North
63,"Iris Taylor",iris.taylor63@email.com,"San Diego",East
64,"Sam Miller",sam.miller64@email.com,"Phoenix",West
65,"Jack Johnson",jack.johnson65@email.com,"San Diego",North
66,"Tina Miller",tina.miller66@email.com,"Philadelphia",East
67,"Paul Wilson",paul.wilson67@email.com,"New York",North
68,"Noah Brown",noah.brown68@email.com,"San Diego",East
69,"Tina Garcia",tina.garcia69@email.com,"Chicago",South
70,"Alice Smith",alice.smith70@email.com,"San Diego",West
71,"Mia Davis",mia.davis71@email.com,"San Jose",West
72,"Bob Johnson",bob.johnson72@email.com,"Dallas",North
73,"Sam Johnson",sam.johnson73@email.com,"Dallas",East
74,"Quinn Brown",quinn.brown74@email.com,"San Diego",South
75,"Quinn Davis",quinn.davis75@email.com,"New York",East
76,"Alice Garcia",alice.garcia76@email.com,"Chicago",West
77,"Grace Davis",grace.davis77@email.com,"New York",West
78,"Paul Smith",paul.smith78@email.com,"San Diego",North
79,"David Jones",david.jones79@email.com,"San Diego",North
80,"Iris Johnson",iris.johnson80@email.com,"San Jose",East
81,"Jack Smith",jack.smith81@email.com,"New York",North
82,"Rachel Williams",rachel.williams82@email.com,"Dallas",North
83,"Mia Johnson",mia.johnson83@email.com,"Philadelphia",West
84,"Kate Jones",kate.jones84@email.com,"Phoenix",South
85,"Emma Wilson",emma.wilson85@email.com,"Los Angeles",South
86,"Bob Garcia",bob.garcia86@email.com,"San Jose",West
87,"Iris Johnson",iris.johnson87@email.com,"Dallas",South
88,"Henry Wilson",henry.wilson88@email.com,"Philadelphia",West
89,"Jack Davis",jack.davis89@email.com,"Los Angeles",East
90,"Noah Wilson",noah.wilson90@email.com,"Phoenix",East
91,"Rachel Davis",rachel.davis91@email.com,"Philadelphia",South
92,"Alice Jones",alice.jones92@email.com,"Los Angeles",North
93,"Sam Brown",sam.brown93@email.com,"Houston",West
94,"Sam Wilson",sam.wilson94@email.com,"Chicago",West
95,"Jack Miller",jack.miller95@email.com,"Chicago",North
96,"Rachel Jones",rachel.jones96@email.com,"Los Angeles",West
97,"Quinn Garcia",quinn.garcia97@email.com,"Los Angeles",South
98,"Carol Smith",carol.smith98@email.com,"Phoenix",West
99,"Emma Smith",emma.smith99@email.com,"Los Angeles",South
100,"Noah Johnson",noah.johnson100@email.com,"Philadelphia",North
101,"David Miller",david.miller101@email.com,"Phoenix",South
102,"Bob Smith",bob.smith102@email.com,"Philadelphia",West
103,"Liam Davis",liam.davis103@email.com,"Philadelphia",East
104,"Jack Taylor",jack.taylor104@email.com,"Los Angeles",West
105,"Grace Davis",grace.davis105@email.com,"Phoenix",South
106,"Iris Davis",iris.davis106@email.com,"Houston",North
107,"Kate Johnson",kate.johnson107@email.com,"New York",South
108,"Frank Smith",frank.smith108@email.com,"San Diego",East
109,"Liam Miller",liam.miller109@email.com,"Philadelphia",South
110,"Frank Brown",frank.brown110@email.com,"Chicago",West
111,"Carol Williams",carol.williams111@email.com,"Dallas",South
112,"Alice Williams",alice.williams112@email.com,"Los Angeles",East
113,"Liam Davis",liam.davis113@email.com,"Dallas",South
114,"Henry Miller",henry.miller114@email.com,"Dallas",South
115,"Grace Johnson",grace.johnson115@email.com,"Phoenix",North
116,"Henry Jones",henry.jones116@email.com,"Phoenix",West
117,"Sam Smith",sam.smith117@email.com,"Philadelphia",South
118,"Quinn Wilson",quinn.wilson118@email.com,"Houston",South
119,"Henry Johnson",henry.johnson119@email.com,"Philadelphia",South
120,"Henry Smith",henry.smith120@email.com,"Dallas",North
121,"Carol Wilson",carol.wilson121@email.com,"San Diego",East
122,"Jack Jones",jack.jones122@email.com,"San Jose",North
123,"Quinn Jones",quinn.jones123@email.com,"New York",West
124,"Carol Smith",carol.smith124@email.com,"New York",East
125,"Alice Taylor",alice.taylor125@email.com,"Dallas",North
126,"David Wilson",david.wilson126@email.com,"San Diego",North
127,"Carol Jones",carol.jones127@email.com,"Dallas",South
128,"Liam Davis",liam.davis128@email.com,"Houston",South
129,"Iris Davis",iris.davis129@email.com,"New York",South
130,"Sam Garcia",sam.garcia130@email.com,"Chicago",East
131,"Noah Williams",noah.williams131@email.com,"New York",North
132,"Liam Williams",liam.williams132@email.com,"Phoenix",West
133,"Carol Smith",carol.smith133@email.com,"Los Angeles",South
134,"Henry Jones",henry.jones134@email.com,"New York",East
135,"Bob Johnson",bob.johnson135@email.com,"Los Angeles",South
136,"Frank Smith",frank.smith136@email.com,"San Jose",West
137,"Quinn Jones",quinn.jones137@email.com,"Chicago",East
138,"Iris Davis",iris.davis138@email.com,"San Diego",West
139,"Paul Davis",paul.davis139@email.com,"San Jose",West
140,"Sam Miller",sam.miller140@email.com,"Phoenix",East
141,"Bob Smith",bob.smith141@email.com,"Houston",East
142,"Rachel Davis",rachel.davis142@email.com,"Chicago",North
143,"Carol Garcia",carol.garcia143@email.com,"Philadelphia",North
144,"Emma Williams",emma.williams144@email.com,"Chicago",North
145,"David Williams",david.williams145@email.com,"Phoenix",South
146,"Bob Brown",bob.brown146@email.com,"San Antonio",West
147,"Mia Johnson",mia.johnson147@email.com,"San Jose",East
148,"Rachel Davis",rachel.davis148@email.com,"Los Angeles",North
149,"Alice Williams",alice.williams149@email.com,"Dallas",East
150,"Carol Smith",carol.smith150@email.com,"San Jose",South
151,"Jack Wilson",jack.wilson151@email.com,"San Diego",North
152,"Rachel Smith",rachel.smith152@email.com,"Philadelphia",South
153,"Carol Jones",carol.jones153@email.com,"Phoenix",North
154,"Kate Miller",kate.miller154@email.com,"Philadelphia",South
155,"Carol Williams",carol.williams155@email.com,"New York",South
156,"Grace Taylor",grace.taylor156@email.com,"San Diego",West
157,"Noah Garcia",noah.garcia157@email.com,"Houston",East
158,"Frank Johnson",frank.johnson158@email.com,"San Diego",East
159,"Noah Miller",noah.miller159@email.com,"Philadelphia",East
160,"Henry Jones",henry.jones160@email.com,"Philadelphia",North
161,"Rachel Miller",rachel.miller161@email.com,"Houston",East
162,"Noah Miller",noah.miller162@email.com,"San Antonio",South
163,"Carol Williams",carol.williams163@email.com,"Phoenix",West
164,"Frank Jones",frank.jones164@email.com,"New York",East
165,"Tina Smith",tina.smith165@email.com,"New York",South
166,"Carol Jones",carol.jones166@email.com,"Chicago",West
167,"Jack Jones",jack.jones167@email.com,"New York",South
168,"Grace Wilson",grace.wilson168@email.com,"Philadelphia",East
169,"Liam Jones",liam.jones169@email.com,"Los Angeles",West
170,"Frank Smith",frank.smith170@email.com,"Houston",West
171,"Liam Williams",liam.williams171@email.com,"Los Angeles",South
172,"Olivia Brown",olivia.brown172@email.com,"San Jose",West
173,"Noah Miller",noah.miller173@email.com,"Los Angeles",South
174,"Bob Jones",bob.jones174@email.com,"Dallas",West
175,"Paul Williams",paul.williams175@email.com,"Houston",South
176,"Emma Smith",emma.smith176@email.com,"Philadelphia",East
177,"Tina Johnson",tina.johnson177@email.com,"San Diego",East
178,"Sam Williams",sam.williams178@email.com,"San Diego",West
179,"Iris Jones",iris.jones179@email.com,"San Jose",South
180,"Mia Johnson",mia.johnson180@email.com,"Dallas",East
181,"Rachel Williams",rachel.williams181@email.com,"San Antonio",West
182,"Paul Williams",paul.williams182@email.com,"Phoenix",North
183,"Noah Davis",noah.davis183@email.com,"Philadelphia",East
184,"Grace Williams",grace.williams184@email.com,"Chicago",East
185,"Liam Davis",liam.davis185@email.com,"Chicago",North
186,"Paul Miller",paul.miller186@email.com,"San Jose",South
187,"Noah Taylor",noah.taylor187@email.com,"Houston",North
188,"Olivia Johnson",olivia.johnson188@email.com,"Chicago",North
189,"Sam Wilson",sam.wilson189@email.com,"Phoenix",South
190,"Noah Smith",noah.smith190@email.com,"San Diego",West
191,"Olivia Taylor",olivia.taylor191@email.com,"Los Angeles",South
192,"Grace Johnson",grace.johnson192@email.com,"New York",West
193,"David Taylor",david.taylor193@email.com,"San Diego",West
194,"Alice Smith",alice.smith194@email.com,"Phoenix",West
195,"Liam Johnson",liam.johnson195@email.com,"Phoenix",South
196,"Noah Miller",noah.miller196@email.com,"Houston",East
197,"Liam Davis",liam.davis197@email.com,"Phoenix",West
198,"Iris Wilson",iris.wilson198@email.com,"Phoenix",East
199,"David Johnson",david.johnson199@email.com,"San Jose",South
200,"Mia Brown",mia.brown200@email.com,"San Jose",South